confs/repo/confs.cisco-ios/conf_0;aaa_config_set.cisco-ios.gawk;<aaa accounting> is not set;0;high;error
confs/repo/confs.cisco-ios/conf_0;aaa_config_set.cisco-ios.gawk;<aaa authentication> is not set;0;high;error
confs/repo/confs.cisco-ios/conf_0;aaa_config_set.cisco-ios.gawk;<aaa authorization> is not set;0;high;error
confs/repo/confs.cisco-ios/conf_0;aaa_config_set.cisco-ios.gawk;<(tacacs|radius) server> is not set;0;high;error
confs/repo/confs.cisco-ios/conf_0;aaa_user_notset.cisco-ios.gawk;username backdoor2 secret 5 xxxx;28;high;error
confs/repo/confs.cisco-ios/conf_0;aaa_user_notset.cisco-ios.gawk;username backdoor secret 5 xxxx;27;high;error
confs/repo/confs.cisco-ios/conf_0;acl_defref_set.cisco-ios.gawk;55 : ref not def : access-class 55 in;0;high;error
confs/repo/confs.cisco-ios/conf_0;acl_defref_set.cisco-ios.gawk;66 : ref not def : access-class 66 in;0;high;error
confs/repo/confs.cisco-ios/conf_0;acl_defref_set.cisco-ios.gawk;BLOCK_VIRU : ref not def : ip access-group BLOCK_VIRU in;0;high;error
confs/repo/confs.cisco-ios/conf_0;acl_defref_set.cisco-ios.gawk;cawk_ntp_bad : ref not def :ntp access-group cawk_ntp_bad;0;high;error
confs/repo/confs.cisco-ios/conf_0;global_banner_set.cisco-ios.gawk;<banner login/exec/motd> is not set;0;high;error
confs/repo/confs.cisco-ios/conf_0;global_http_notset.cisco-ios.gawk;ip http server;13;high;error
confs/repo/confs.cisco-ios/conf_0;global_logging_set.cisco-ios.gawk;<logging host> is not configured;0;medium;error
confs/repo/confs.cisco-ios/conf_0;global_rcmd_notset.cisco-ios.gawk;ip rcmd cawk;14;high;error
confs/repo/confs.cisco-ios/conf_0;global_servicepassword_set.cisco-ios.gawk;<service password-encryption> is not set;0;high;error
confs/repo/confs.cisco-ios/conf_0;lineaux_aclin_set.cisco-ios.gawk;line aux 0 : acl in missing;85;high;error
confs/repo/confs.cisco-ios/conf_0;lineaux_aclout_set.cisco-ios.gawk;line aux 0 : acl out missing;85;high;error
confs/repo/confs.cisco-ios/conf_0;lineaux_exectimeout00_notset.cisco-ios.gawk;line aux 0 : <exec-timeout 0 0> is set;85;high;error
confs/repo/confs.cisco-ios/conf_0;linevty_aclin_set.cisco-ios.gawk;line vty 0 3 : acl in missing;90;high;error
confs/repo/confs.cisco-ios/conf_0;linevty_aclout_set.cisco-ios.gawk;line vty 0 3 : acl out missing;90;high;error
confs/repo/confs.cisco-ios/conf_0;linevty_aclout_set.cisco-ios.gawk;line vty 4 8 : acl out missing;94;high;error
confs/repo/confs.cisco-ios/conf_0;linevty_exectimeout00_notset.cisco-ios.gawk;line vty 0 3 : <exec-timeout 0 0> is set;90;high;error
confs/repo/confs.cisco-ios/conf_0;linevty_exectimeout00_notset.cisco-ios.gawk;line vty 4 8 : <exec-timeout 0 0> is set;94;high;error
confs/repo/confs.cisco-ios/conf_0;routing_defref_set.cisco-ios.gawk;ldp_filter : ref not def :resequence prefix-list ipv4 ldp_filter 30 10;0;high;error
confs/repo/confs.cisco-ios/conf_0;routing_defref_set.cisco-ios.gawk;tag-filter-in : ref not def : distribute-list route-map tag-filter-in in;0;high;error
confs/repo/confs.cisco-ios/conf_0;snmp_v1v2forbidcommunity_notset.cisco-ios.gawk;snmp-server community private RW;72;high;error
confs/repo/confs.cisco-ios/conf_0;snmp_v1v2_notset.cisco-ios.gawk;snmp-server community cawk RO;71;high;error
confs/repo/confs.cisco-ios/conf_0;snmp_v1v2rw_notset.cisco-ios.gawk;snmp-server community private RW;72;high;error
confs/repo/confs.cisco-ios/conf_0;snmp_v3groupdefref_set.cisco-ios.gawk;MON_GROUPE : ref not def :snmp-server user MON_UTILISATEUR MON_GROUPE v3 auth sha MON_MOTDEPASSE_PRIV priv aes 128 MON_MOTDEPASSE_CRYPTE;0;high;error
confs/repo/confs.cisco-ios/conf_0;snmp_viewdefref_set.cisco-ios.gawk;unknown : ref not def :snmp-server community cawk view unknown RO;0;high;error
confs/repo/confs.cisco-ios/conf_0;ssh_setup_set.cisco-ios.gawk;<ssh server> is not set;0;high;error
confs/repo/confs.cisco-ios/conf_1;aaa_config_set.cisco-ios.gawk;<aaa accounting> is not set;0;high;error
confs/repo/confs.cisco-ios/conf_1;aaa_config_set.cisco-ios.gawk;<aaa authentication> is not set;0;high;error
confs/repo/confs.cisco-ios/conf_1;aaa_config_set.cisco-ios.gawk;<aaa authorization> is not set;0;high;error
confs/repo/confs.cisco-ios/conf_1;aaa_config_set.cisco-ios.gawk;<aaa config> is not set;0;high;error
confs/repo/confs.cisco-ios/conf_1;aaa_config_set.cisco-ios.gawk;<(tacacs|radius) server> is not set;0;high;error
confs/repo/confs.cisco-ios/conf_1;global_banner_set.cisco-ios.gawk;<banner login/exec/motd> is not set;0;high;error
confs/repo/confs.cisco-ios/conf_1;global_logging_set.cisco-ios.gawk;<logging host> is not configured;0;medium;error
confs/repo/confs.cisco-ios/conf_1;int_directedbroadcast_notset.cisco-ios.gawk;interface FastEthernet0 <ip directed-broadcast> is set;13;high;error
confs/repo/confs.cisco-ios/conf_1;int_proxyarp_notset.cisco-ios.gawk;interface FastEthernet0 <ip proxy-arp> is set;13;high;error
confs/repo/confs.cisco-ios/conf_1;lineaux_noexec_set.cisco-ios.gawk;line aux 0 <no exec> is missing;73;high;error
confs/repo/confs.cisco-ios/conf_1;ntp_accessgroup_set.cisco-ios.gawk;<ntp access-group> is not set;0;high;error
confs/repo/confs.cisco-ios/conf_1;ntp_ip_set.cisco-ios.gawk;<ntp server> is not set;0;high;error
confs/repo/confs.cisco-ios/conf_1;snmp_v3group_set.cisco-ios.gawk;no snmp v3 group with priv level is set;0;high;error
confs/repo/confs.cisco-ios/conf_1;snmp_v3host_set.cisco-ios.gawk;snmp v3 host is not set;0;high;error
confs/repo/confs.cisco-ios/conf_1;snmp_v3user_set.cisco-ios.gawk;snmp v3 user is not set;0;high;error
confs/repo/confs.cisco-xr/conf_0;global_banner_set.cisco-xr.gawk;<banner login/exec/motd> is not set;0;high;error
confs/repo/confs.cisco-xr/conf_0;global_timestamps_set.cisco-xr.gawk;<service timestamps log datetime> is not set;0;medium;error
confs/repo/confs.cisco-xr/conf_0;ipsec_oldercryptoalg_notset.cisco-xr.gawk;ntp authentication-key 1 md5 encrypted A95A4F071D;25;high;error
confs/repo/confs.cisco-xr/conf_0;line_aclin_set.cisco-xr.gawk;line default : acl in missing;32;high;error
confs/repo/confs.cisco-xr/conf_0;line_aclout_set.cisco-xr.gawk;line default : acl out missing;32;high;error
confs/repo/confs.cisco-xr/conf_0;line_sshoutput_set.cisco-xr.gawk;line default : transport output (none|ssh) is missing;32;high;error
confs/repo/confs.cisco-xr/conf_0;ntp_accessgroup_set.cisco-xr.gawk;<ntp server> is not set;0;high;error
confs/repo/confs.cisco-xr/conf_0;ntp_ip_set.cisco-xr.gawk;<ntp server> is not set;0;high;error
confs/repo/confs.cisco-xr/conf_0;snmp_v1v2forbidcommunity_notset.cisco-xr.gawk;snmp-server community public RO;16;high;error
confs/repo/confs.cisco-xr/conf_0;snmp_v1v2_notset.cisco-xr.gawk;snmp-server community public RO;16;high;error
confs/repo/confs.cisco-xr/conf_0;snmp_v1v2rw_notset.cisco-xr.gawk;snmp-server community private RW;17;high;error
confs/repo/confs.cisco-xr/conf_0;snmp_v3group_set.cisco-xr.gawk;no snmp v3 group with priv level is set;0;high;error
confs/repo/confs.cisco-xr/conf_0;snmp_viewdefref_set.cisco-xr.gawk;all-view : def not ref :snmp-server view all-view 1.3 included;0;low;error
confs/repo/confs.cisco-xr/conf_0;ssh_setup_set.cisco-xr.gawk;<ssh server> is not set;0;high;error
confs/repo/confs.cisco-xr/conf_1;global_banner_set.cisco-xr.gawk;<banner login/exec/motd> is not set;0;high;error
confs/repo/confs.cisco-xr/conf_1;global_timestamps_set.cisco-xr.gawk;<service timestamps log datetime> is not set;0;medium;error
confs/repo/confs.cisco-xr/conf_1;ipsec_oldercryptoalg_notset.cisco-xr.gawk;ntp authentication-key 1 md5 encrypted 095E4F071D;24;high;error
confs/repo/confs.cisco-xr/conf_1;line_aclin_set.cisco-xr.gawk;line default : acl in missing;31;high;error
confs/repo/confs.cisco-xr/conf_1;line_aclout_set.cisco-xr.gawk;line default : acl out missing;31;high;error
confs/repo/confs.cisco-xr/conf_1;line_sshoutput_set.cisco-xr.gawk;line default : transport output (none|ssh) is missing;31;high;error
confs/repo/confs.cisco-xr/conf_1;ntp_accessgroup_set.cisco-xr.gawk;<ntp server> is not set;0;high;error
confs/repo/confs.cisco-xr/conf_1;ntp_ip_set.cisco-xr.gawk;<ntp server> is not set;0;high;error
confs/repo/confs.cisco-xr/conf_1;snmp_v1v2forbidcommunity_notset.cisco-xr.gawk;snmp-server community public RO;15;high;error
confs/repo/confs.cisco-xr/conf_1;snmp_v1v2_notset.cisco-xr.gawk;snmp-server community public RO;15;high;error
confs/repo/confs.cisco-xr/conf_1;snmp_v1v2rw_notset.cisco-xr.gawk;snmp-server community private RW;16;high;error
confs/repo/confs.cisco-xr/conf_1;snmp_v3group_set.cisco-xr.gawk;no snmp v3 group with priv level is set;0;high;error
confs/repo/confs.cisco-xr/conf_1;snmp_viewdefref_set.cisco-xr.gawk;all-view : def not ref :snmp-server view all-view 1.3 included;0;low;error
confs/repo/confs.cisco-xr/conf_1;ssh_setup_set.cisco-xr.gawk;<ssh server> is not set;0;high;error
confs/repo/confs.juniper-junos/conf_0;aaa_user_notset.juniper-junos.gawk;user MonUtilisateur {;54;high;error
confs/repo/confs.juniper-junos/conf_0;filter_defref_set.juniper-junos.gawk;strust-to-trust : filter ref but not def :input strust-to-trust;0;high;error
confs/repo/confs.juniper-junos/conf_0;filter_defref_set.juniper-junos.gawk;trust-to-trusts : filter ref but not def :output trust-to-trusts;0;high;error
confs/repo/confs.juniper-junos/conf_0;root_authentication_set.juniper-junos.gawk;root-authentication is not set;0;high;error
confs/repo/confs.juniper-junos/conf_0;snmp_v1v2forbidcommunity_notset.juniper-junos.gawk;community public {;124;high;error
confs/repo/confs.juniper-junos/conf_0;snmp_v1v2_notset.juniper-junos.gawk;community public {;124;high;error
confs/repo/confs.juniper-junos/conf_0;snmp_v1v2rw_notset.juniper-junos.gawk;authorization write;125;high;error
confs/repo/confs.juniper-junos/conf_1;aaa_config_set.juniper-junos.gawk;aaa config is not set;0;high;error
confs/repo/confs.juniper-junos/conf_1;aaa_rightorder_set.juniper-junos.gawk;aaa auth order is not set;0;high;error
confs/repo/confs.juniper-junos/conf_1;firewall_enable_set.juniper-junos.gawk;firewall is not set;0;high;error
confs/repo/confs.juniper-junos/conf_1;int_directedbroadcast_notset.juniper-junos.gawk;unit 0 { <directed-broadcast> is set;11;high;error
confs/repo/confs.juniper-junos/conf_1;int_directedbroadcast_notset.juniper-junos.gawk;unit 0 { <directed-broadcast> is set;3;high;error
confs/repo/confs.juniper-junos/conf_1;ntp_ip_set.juniper-junos.gawk;<ntp server ip> is not set;0;high;error
confs/repo/confs.juniper-junos/conf_1;protocols_bgpgroupauth_set.juniper-junos.gawk;bgp/group authentication-key is not set :group cawk1 ;30;high;error
confs/repo/confs.juniper-junos/conf_1;protocols_bgpgroupauth_set.juniper-junos.gawk;bgp/group authentication-key is not set :group cawk ;28;high;error
confs/repo/confs.juniper-junos/conf_1;protocols_bgpneighborauth_set.juniper-junos.gawk;bgp/neighbor authentication-key is not set :neighbor 10.168.1.2 ;32;high;error
confs/repo/confs.juniper-junos/conf_1;protocols_bgpneighborauth_set.juniper-junos.gawk;bgp/neighbor authentication-key is not set :neighbor 10.168.1.3 ;34;high;error
confs/repo/confs.juniper-junos/conf_1;root_authentication_set.juniper-junos.gawk;root-authentication is not set;0;high;error
confs/repo/confs.juniper-junos/conf_1;services_forbidproto_notset.juniper-junos.gawk;ftp ;50;high;error
confs/repo/confs.juniper-junos/conf_1;services_forbidproto_notset.juniper-junos.gawk;telnet;49;high;error
confs/repo/confs.juniper-junos/conf_1;services_ssh_set.juniper-junos.gawk;ssh service is not set;0;high;error
confs/repo/confs.juniper-junos/conf_1;snmp_v3host_set.juniper-junos.gawk;snmp v3 host is not set;0;high;error
confs/repo/confs.juniper-junos/conf_1;snmp_v3_set.juniper-junos.gawk;snmp v3 is not set;0;high;error
confs/repo/confs.juniper-junos/conf_1;snmp_v3user_set.juniper-junos.gawk;snmp v3 user is not set;0;high;error
confs/repo/confs.huawei-vrp/conf_0;aaa_user_notset.huawei-vrp.gawk; local-user cawk privilege level 15;34;high;error
confs/repo/confs.huawei-vrp/conf_0;acl_defref_set.huawei-vrp.gawk;2000 : ref not def : acl 2000 inbound;0;high;error
confs/repo/confs.huawei-vrp/conf_0;acl_defref_set.huawei-vrp.gawk;2001 : ref not def :snmp-agent community write cawk1 mib-view isoview02 acl 2001;0;high;error
confs/repo/confs.huawei-vrp/conf_0;acl_defref_set.huawei-vrp.gawk;7000 : ref not def : acl 7000 outbound;0;high;error
confs/repo/confs.huawei-vrp/conf_0;acl_defref_set.huawei-vrp.gawk;8000 : ref not def : packet-filter inbound acl 8000;0;high;error
confs/repo/confs.huawei-vrp/conf_0;global_http_notset.huawei-vrp.gawk;http server enable;13;high;error
confs/repo/confs.huawei-vrp/conf_0;global_rcmd_notset.huawei-vrp.gawk;rcmd server enable;14;high;error
confs/repo/confs.huawei-vrp/conf_0;routing_defref_set.huawei-vrp.gawk;need_send : ref not def :  import-route ospf 100 route-policy need_send;0;high;error
confs/repo/confs.huawei-vrp/conf_0;routing_defref_set.huawei-vrp.gawk;no_need_send_bad : ref not def : if-match ip-prefix no_need_send_bad;0;high;error
confs/repo/confs.huawei-vrp/conf_0;snmp_v1v2forbidcommunity_notset.huawei-vrp.gawk;snmp-agent community write public;26;high;error
confs/repo/confs.huawei-vrp/conf_0;snmp_v1v2_notset.huawei-vrp.gawk;snmp-agent community read cawk mib-view isoview01 acl 2001;27;high;error
confs/repo/confs.huawei-vrp/conf_0;snmp_v1v2_notset.huawei-vrp.gawk;snmp-agent community write cawk1 mib-view isoview02 acl 2001;28;high;error
confs/repo/confs.huawei-vrp/conf_0;snmp_v1v2_notset.huawei-vrp.gawk;snmp-agent community write public;26;high;error
confs/repo/confs.huawei-vrp/conf_0;snmp_v1v2rw_notset.huawei-vrp.gawk;snmp-agent community write cawk1 mib-view isoview02 acl 2001;28;high;error
confs/repo/confs.huawei-vrp/conf_0;snmp_v1v2rw_notset.huawei-vrp.gawk;snmp-agent community write public;26;high;error
confs/repo/confs.huawei-vrp/conf_0;snmpview_defref_set.huawei-vrp.gawk;isoview02 : ref not def :snmp-agent community write cawk1 mib-view isoview02 acl 2001;0;high;error
confs/repo/confs.huawei-vrp/conf_0;ssh_setup_set.huawei-vrp.gawk;<ssh server> is not set;0;high;error
confs/repo/confs.huawei-vrp/conf_1;aaa_config_set.huawei-vrp.gawk;aaa config is not set;0;high;error
confs/repo/confs.huawei-vrp/conf_1;ntp_ip_set.huawei-vrp.gawk;ntp server is not set;0;high;error
confs/repo/confs.huawei-vrp/conf_1;userinterfacevty_aaa_set.huawei-vrp.gawk;user-interface vty 0 4 : authentication-mode aaa missing;15;high;error
confs/repo/confs.huawei-vrp/conf_1;userinterfacevty_aclin_set.huawei-vrp.gawk;user-interface vty 0 4 : acl inbound missing;15;high;error
confs/repo/confs.huawei-vrp/conf_1;userinterfacevty_aclout_set.huawei-vrp.gawk;user-interface vty 0 4 : acl outbound missing;15;high;error
confs/repo/confs.huawei-vrp/conf_1;userinterfacevty_sshin_set.huawei-vrp.gawk;user-interface vty 0 4 : ssh inbound is not set;15;high;error
confs/repo/confs.huawei-vrp/conf_1;userinterfacevty_sshout_set.huawei-vrp.gawk;user-interface vty 0 4 : ssh outbound is not set;15;high;error
confs/repo/confs.fortinet-fortios/conf_0;aaa_user_notset.fortinet.gawk;    edit "TAC";151;high;error
confs/repo/confs.fortinet-fortios/conf_0;aaa_user_notset.fortinet.gawk;    edit "toto";145;high;error
confs/repo/confs.fortinet-fortios/conf_0;global_sourcerouting_notset.fortinet-fortios.gawk;set source-routing enable;7;high;error
confs/repo/confs.fortinet-fortios/conf_0;int_icmpredirect_notset.fortinet-fortios.gawk;edit "management" set icmp-redirect enable;0;high;error
confs/repo/confs.fortinet-fortios/conf_0;int_icmpunreachable_notset.fortinet-fortios.gawk;edit "management" set icmp-unreachable enable;0;high;error
confs/repo/confs.fortinet-fortios/conf_0;int_mgntforbidallow_notset.fortinet-fortios.gawk;edit "managementport" set allowaccess ping https ssh telnet;0;high;error
confs/repo/confs.fortinet-fortios/conf_0;int_mgntforbidallow_notset.fortinet-fortios.gawk;edit "management" set allowaccess ssh https;0;high;error
confs/repo/confs.fortinet-fortios/conf_0;int_proxyarp_notset.fortinet-fortios.gawk;edit "management" set proxy-arp enable;0;high;error
confs/repo/confs.fortinet-fortios/conf_0;ipsec_ikev1_notset.fortinet-fortios.gawk;set version v1;112;high;error
confs/repo/confs.fortinet-fortios/conf_0;ntp_enablestatus_set.fortinet.gawk;ntp enable status is not set;0;high;error
confs/repo/confs.fortinet-fortios/conf_0;ntp_server_set.fortinet-fortios.gawk;ntp server is not set;0;high;error
confs/repo/confs.fortinet-fortios/conf_0;snmp_v1v2forbidcommunity_notset.fortinet-fortios.gawk;set name "public";118;high;error
confs/repo/confs.fortinet-fortios/conf_0;snmp_v1v2_notset.fortinet-fortios.gawk;set name "public";118;high;error
confs/repo/confs.fortinet-fortios/conf_0;snmp_v1v2rw_notset.fortinet-fortios.gawk;set access write;120;high;error
confs/repo/confs.fortinet-fortios/conf_0;ssh_setup_set.fortinet-fortios.gawk;<ssh server> is not set;0;high;error
confs/repo/confs.fortinet-fortios/conf_0;syslogd_enable_set.fortinet-fortios.gawk;edit 2 : syslogd is no enable;99;high;error
confs/repo/confs.fortinet-fortios/conf_1;aaa_config_set.fortinet.gawk;<aaa config> is not set;0;high;error
confs/repo/confs.fortinet-fortios/conf_1;fw_allall_notset.fortinet-fortios.gawk;firewall has rule src=all dst=all service=all action=accept;53;high;error
confs/repo/confs.fortinet-fortios/conf_1;fw_forbidproto_notset.fortinet-fortios.gawk;set service "HTTP";63;high;error
confs/repo/confs.fortinet-fortios/conf_1;fw_lastrule_set.fortinet-fortios.gawk;firewall has not last rule src=all dst=all service=all action=deny;68;high;error
confs/repo/confs.fortinet-fortios/conf_1;int_mgnt_set.fortinet-fortios.gawk;no mgnt interface is set;0;high;error
confs/repo/confs.fortinet-fortios/conf_1;pwd_expirealways_notset.fortinet-fortios.gawk;set password-expire "always";7;high;error
confs/repo/confs.fortinet-fortios/conf_1;snmp_v3host_set.fortinet-fortios.gawk;<snmp v3 host> is not set;0;high;error
confs/repo/confs.fortinet-fortios/conf_1;snmp_v3user_set.fortinet-fortios.gawk;<snmp v3 user> is not set;0;high;error
confs/repo/confs.fortinet-fortios/conf_1;ssh_setup_set.fortinet-fortios.gawk;<ssh server> is not set;0;high;error
confs/repo/confs.nokia-sros/conf_0;aaa_user_notset.nokia-sros.gawk;user "cawk2";61;high;error
confs/repo/confs.nokia-sros/conf_0;aaa_user_notset.nokia-sros.gawk;user "cawk";50;high;error
confs/repo/confs.nokia-sros/conf_0;ipsec_oldercryptoalg_notset.nokia-sros.gawk;                    authentication hash md5 e14672e71d3e96e7a1e19472527ee969 privacy none;46;high;error
confs/repo/confs.nokia-sros/conf_0;login_forbidproto_notset.nokia-sros.gawk;ftp;10;high;error
confs/repo/confs.nokia-sros/conf_0;login_forbidproto_notset.nokia-sros.gawk;telnet;13;high;error
confs/repo/confs.nokia-sros/conf_0;snmp_v1v2forbidcommunity_notset.nokia-sros.gawk;community "public" hash2 r version both;72;high;error
confs/repo/confs.nokia-sros/conf_0;snmp_v1v2_notset.nokia-sros.gawk;community "cawk" hash2 rwa version both;71;high;error
confs/repo/confs.nokia-sros/conf_0;snmp_v1v2rw_notset.nokia-sros.gawk;community "cawk" hash2 rwa version both;71;high;error
confs/repo/confs.nokia-sros/conf_0;ssh_setup_set.nokia-sros.gawk;<ssh server> is not set;0;high;error
confs/repo/confs.nokia-sros/conf_1;aaa_accounting_set.nokia-sros.gawk;aaa accounting is not set;0;high;error
confs/repo/confs.nokia-sros/conf_1;aaa_authorization_set.nokia-sros.gawk;aaa authorization is not set;0;high;error
confs/repo/confs.nokia-sros/conf_1;aaa_config_set.nokia-sros.gawk;aaa config is not set;0;high;error
confs/repo/confs.nokia-sros/conf_1;fw_allallmgnt_notset.nokia-sros.gawk;ip-filter allall rule is set;16;high;error
confs/repo/confs.nokia-sros/conf_1;fw_allallmgnt_notset.nokia-sros.gawk;ip-filter allall rule is set;21;high;error
confs/repo/confs.nokia-sros/conf_1;fw_defaultpermitmgnt_notset.nokia-sros.gawk;default-action permit;0;high;error
confs/repo/confs.nokia-sros/conf_1;int_directedbroadcast_notset.nokia-sros.gawk;interface FastEthernet1 ip directed-broadcast;31;high;error
confs/repo/confs.nokia-sros/conf_1;int_directedbroadcast_notset.nokia-sros.gawk;interface FastEthernet2 ip directed-broadcast;34;high;error
confs/repo/confs.nokia-sros/conf_1;login_ssh_set.nokia-sros.gawk;login ssh is not set;0;high;error
confs/repo/confs.nokia-sros/conf_1;ntp_ip_set.nokia-sros.gawk;<ntp server ip> is not set;0;high;error
confs/repo/confs.nokia-sros/conf_1;snmp_v3host_set.nokia-sros.gawk;snmp v3 host is not set;0;high;error
confs/repo/confs.nokia-sros/conf_1;snmp_v3user_set.nokia-sros.gawk;snmp v3 user is not set;0;high;error
confs/repo/confs.paloalto-panos/conf_0;fw_anyany_notset.paloalto-panos.gawk;firewall has rule src=any dst=any service=any action=allow;115;high;error
confs/repo/confs.paloalto-panos/conf_0;int_icmpredirect_notset.paloalto-panos.gawk;ethernet1/1 { icmp-redirect yes;69;high;error
confs/repo/confs.paloalto-panos/conf_0;int_icmpunreachable_notset.paloalto-panos.gawk;ethernet1/1 { icmp-unreachable yes;70;high;error
confs/repo/confs.paloalto-panos/conf_0;int_proxyarp_notset.paloalto-panos.gawk;ethernet1/1 { proxy-arp yes;71;high;error
confs/repo/confs.paloalto-panos/conf_0;snmp_v1v2forbidcommunity_notset.paloalto-panos.gawk;community public {;44;high;error
confs/repo/confs.paloalto-panos/conf_0;snmp_v1v2_notset.paloalto-panos.gawk;community public {;44;high;error
confs/repo/confs.paloalto-panos/conf_0;snmp_v1v2rw_notset.paloalto-panos.gawk;access write;45;high;error
confs/repo/confs.paloalto-panos/conf_0;ssh_setup_set.paloalto-panos.gawk;<ssh server> is not set;0;high;error
confs/repo/confs.paloalto-panos/conf_0;ssh_versionv1_notset.paloalto-panos.gawk;ssh-version 1;7;high;error
confs/repo/confs.paloalto-panos/conf_1;fw_forbidproto_notset.paloalto-panos.gawk;service web;47;high;error
confs/repo/confs.paloalto-panos/conf_1;fw_lastrule_set.paloalto-panos.gawk;firewall has not last rule src=any dst=any service=any action=deny;0;high;error
confs/repo/confs.paloalto-panos/conf_1;snmp_v3host_set.paloalto-panos.gawk;snmp v3 host is not set;0;high;error
confs/repo/confs.paloalto-panos/conf_1;snmp_v3user_set.paloalto-panos.gawk;snmp v3 user is not set;0;high;error
confs/repo/confs.paloalto-panos/conf_1;ssh_setup_set.paloalto-panos.gawk;<ssh server> is not set;0;high;error
confs/repo/confs.cisco-viptela/conf_0;aaa_user_notset.cisco-viptela.gawk;user cawk;5;high;error
confs/repo/confs.cisco-viptela/conf_0;global_banner_set.cisco-viptela.gawk;<banner login/exec/motd> is not set;0;high;error
confs/repo/confs.cisco-viptela/conf_0;global_logging_set.cisco-viptela.gawk;<system> -> <logging server> is not configured;0;medium;error
confs/repo/confs.cisco-viptela/conf_0;int_allowall_notset.cisco-viptela.gawk;allow-service all;51;high;error
confs/repo/confs.cisco-viptela/conf_0;int_allowall_notset.cisco-viptela.gawk;allow-service all;62;high;error
confs/repo/confs.cisco-viptela/conf_0;int_allowforbidproto_notset.cisco-viptela.gawk;allow-service ftp;60;high;error
confs/repo/confs.cisco-viptela/conf_0;int_allowforbidproto_notset.cisco-viptela.gawk;allow-service telnet;50;high;error
confs/repo/confs.cisco-viptela/conf_0;snmp_v1v2forbidcommunity_notset.cisco-viptela.gawk;community public;21;high;error
confs/repo/confs.cisco-viptela/conf_0;snmp_v1v2_notset.cisco-viptela.gawk;community public;21;high;error
confs/repo/confs.cisco-viptela/conf_0;snmp_v1v2rw_notset.cisco-viptela.gawk;authorization write;23;high;error
confs/repo/confs.cisco-viptela/conf_0;snmp_v3groupdefref_set.cisco-viptela.gawk;cawk_group_snmp_badx : ref not def :  group cawk_group_snmp_badx;0;high;error
confs/repo/confs.cisco-viptela/conf_0;snmp_viewdefref_set.cisco-viptela.gawk;cawk_snmp : ref not def :  view cawk_snmp;0;high;error
confs/repo/confs.cisco-viptela/conf_0;snmp_viewdefref_set.cisco-viptela.gawk;cawk_view : ref not def :  view cawk_view;0;high;error
confs/repo/confs.cisco-viptela/conf_0;ssh_setup_set.cisco-viptela.gawk;<ssh server> is not set;0;high;error
confs/repo/confs.cisco-viptela/conf_1;aaa_authorder_set.cisco-viptela.gawk;aaa authentication order is not set;0;high;error
confs/repo/confs.cisco-viptela/conf_1;aaa_config_set.cisco-viptela.gawk;aaa config is not set;0;high;error
confs/repo/confs.cisco-viptela/conf_1;fw_zone_set.cisco-viptela.gawk;fw zone is not set;0;high;error
confs/repo/confs.cisco-viptela/conf_1;global_banner_set.cisco-viptela.gawk;<banner login/exec/motd> is not set;0;high;error
confs/repo/confs.cisco-viptela/conf_1;global_logging_set.cisco-viptela.gawk;<system> -> <logging server> is not configured;0;medium;error
confs/repo/confs.cisco-viptela/conf_1;ntp_ip_set.cisco-viptela.gawk;<ntp server ip> is not set;0;high;error
confs/repo/confs.cisco-viptela/conf_1;snmp_v3host_set.cisco-viptela.gawk;snmp v3 host is not set;0;high;error
confs/repo/confs.cisco-viptela/conf_1;snmp_v3user_set.cisco-viptela.gawk;snmp v3 user is not set;0;high;error
confs/repo/confs.cisco-viptela/conf_1;ssh_setup_set.cisco-viptela.gawk;<ssh server> is not set;0;high;error
confs/repo/confs.cisco-cedge/conf_0;aaa_config_set.cisco-cedge.gawk;<aaa accounting> is not set;0;high;error
confs/repo/confs.cisco-cedge/conf_0;aaa_config_set.cisco-cedge.gawk;<aaa authentication> is not set;0;high;error
confs/repo/confs.cisco-cedge/conf_0;aaa_config_set.cisco-cedge.gawk;<aaa authorization> is not set;0;high;error
confs/repo/confs.cisco-cedge/conf_0;aaa_config_set.cisco-cedge.gawk;<aaa config> is not set;0;high;error
confs/repo/confs.cisco-cedge/conf_0;global_banner_set.cisco-cedge.gawk;<banner login/exec/motd> is not set;0;high;error
confs/repo/confs.cisco-cedge/conf_0;global_http_notset.cisco-cedge.gawk;http server_nox;2;high;error
confs/repo/confs.cisco-cedge/conf_0;global_logging_set.cisco-cedge.gawk;<logging host> is not configured;0;medium;error
confs/repo/confs.cisco-cedge/conf_0;global_rcmd_notset.cisco-cedge.gawk;ip rcmd cmd;3;high;error
confs/repo/confs.cisco-cedge/conf_0;ntp_accessgroup_set.cisco-cedge.gawk;<ntp access-group> is not set;0;high;error
confs/repo/confs.cisco-cedge/conf_0;ntp_ip_set.cisco-cedge.gawk;<ntp server> is not set;0;high;error
confs/repo/confs.cisco-cedge/conf_0;snmp_v3host_set.cisco-cedge.gawk;snmp v3 host is not set;0;high;error
confs/repo/confs.cisco-cedge/conf_0;snmp_v3user_set.cisco-cedge.gawk;snmp v3 user is not set;0;high;error
confs/repo/confs.cisco-cedge/conf_0;ssh_setup_set.cisco-cedge.gawk;<ssh server> is not set;0;high;error
confs/repo/confs.cisco-cedge/conf_1;aaa_config_set.cisco-cedge.gawk;<aaa accounting> is not set;0;high;error
confs/repo/confs.cisco-cedge/conf_1;aaa_config_set.cisco-cedge.gawk;<aaa authentication> is not set;0;high;error
confs/repo/confs.cisco-cedge/conf_1;aaa_config_set.cisco-cedge.gawk;<aaa authorization> is not set;0;high;error
confs/repo/confs.cisco-cedge/conf_1;aaa_config_set.cisco-cedge.gawk;<aaa config> is not set;0;high;error
confs/repo/confs.cisco-cedge/conf_1;fw_zonesecurity_set.cisco-cedge.gawk;fw zone is not set;0;high;error
confs/repo/confs.cisco-cedge/conf_1;global_banner_set.cisco-cedge.gawk;<banner login/exec/motd> is not set;0;high;error
confs/repo/confs.cisco-cedge/conf_1;global_logging_set.cisco-cedge.gawk;<logging host> is not configured;0;medium;error
confs/repo/confs.cisco-cedge/conf_1;int_cdpenable_notset.cisco-cedge.gawk;interface toto <cdp enable> is set;9;high;error
confs/repo/confs.cisco-cedge/conf_1;linevty_transportinputssh_set.cisco-cedge.gawk;line vty 0 10 <transport input ssh> is missing;2;high;error
confs/repo/confs.cisco-cedge/conf_1;linevty_transportoutputssh_set.cisco-cedge.gawk;line vty 0 10 <transport output ssh> is missing;2;high;error
confs/repo/confs.cisco-cedge/conf_1;ntp_accessgroup_set.cisco-cedge.gawk;<ntp access-group> is not set;0;high;error
confs/repo/confs.cisco-cedge/conf_1;ntp_ip_set.cisco-cedge.gawk;<ntp server> is not set;0;high;error
confs/repo/confs.cisco-cedge/conf_1;snmp_v3host_set.cisco-cedge.gawk;snmp v3 host is not set;0;high;error
confs/repo/confs.cisco-cedge/conf_1;snmp_v3user_set.cisco-cedge.gawk;snmp v3 user is not set;0;high;error
confs/repo/confs.cisco-cedge/conf_1;ssh_versionv1_notset.cisco-cedge.gawk;ip ssh version 1;5;high;error
confs/repo/confs.cisco-xe/conf_0;aaa_config_set.cisco-xe.gawk;<aaa accounting> is not set;0;high;error
confs/repo/confs.cisco-xe/conf_0;aaa_config_set.cisco-xe.gawk;<aaa authentication> is not set;0;high;error
confs/repo/confs.cisco-xe/conf_0;aaa_config_set.cisco-xe.gawk;<aaa authorization> is not set;0;high;error
confs/repo/confs.cisco-xe/conf_0;aaa_user_notset.cisco-xe.gawk;username backdoor2 secret 5 xxxx;28;high;error
confs/repo/confs.cisco-xe/conf_0;aaa_user_notset.cisco-xe.gawk;username backdoor secret 5 xxxx;27;high;error
confs/repo/confs.cisco-xe/conf_0;acl_defref_set.cisco-xe.gawk;55 : ref not def : access-class 55 in;0;high;error
confs/repo/confs.cisco-xe/conf_0;acl_defref_set.cisco-xe.gawk;66 : ref not def : access-class 66 in;0;high;error
confs/repo/confs.cisco-xe/conf_0;acl_defref_set.cisco-xe.gawk;BLOCK_VIRU : ref not def : ip access-group BLOCK_VIRU in;0;high;error
confs/repo/confs.cisco-xe/conf_0;acl_defref_set.cisco-xe.gawk;cawk_ntp_bad : ref not def :ntp access-group cawk_ntp_bad;0;high;error
confs/repo/confs.cisco-xe/conf_0;global_banner_set.cisco-xe.gawk;<banner login/exec/motd> is not set;0;high;error
confs/repo/confs.cisco-xe/conf_0;global_http_notset.cisco-xe.gawk;ip http server;13;high;error
confs/repo/confs.cisco-xe/conf_0;global_logging_set.cisco-xe.gawk;<logging host> is not configured;0;medium;error
confs/repo/confs.cisco-xe/conf_0;global_rcmd_notset.cisco-xe.gawk;ip rcmd cawk;14;high;error
confs/repo/confs.cisco-xe/conf_0;global_servicepassword_set.cisco-xe.gawk;<service password-encryption> is not set;0;high;error
confs/repo/confs.cisco-xe/conf_0;lineaux_aclin_set.cisco-xe.gawk;line aux 0 : acl in missing;85;high;error
confs/repo/confs.cisco-xe/conf_0;lineaux_aclout_set.cisco-xe.gawk;line aux 0 : acl out missing;85;high;error
confs/repo/confs.cisco-xe/conf_0;lineaux_exectimeout00_notset.cisco-xe.gawk;line aux 0 : <exec-timeout 0 0> is set;85;high;error
confs/repo/confs.cisco-xe/conf_0;linevty_aclin_set.cisco-xe.gawk;line vty 0 3 : acl in missing;90;high;error
confs/repo/confs.cisco-xe/conf_0;linevty_aclout_set.cisco-xe.gawk;line vty 0 3 : acl out missing;90;high;error
confs/repo/confs.cisco-xe/conf_0;linevty_aclout_set.cisco-xe.gawk;line vty 4 8 : acl out missing;94;high;error
confs/repo/confs.cisco-xe/conf_0;linevty_exectimeout00_notset.cisco-xe.gawk;line vty 0 3 : <exec-timeout 0 0> is set;90;high;error
confs/repo/confs.cisco-xe/conf_0;linevty_exectimeout00_notset.cisco-xe.gawk;line vty 4 8 : <exec-timeout 0 0> is set;94;high;error
confs/repo/confs.cisco-xe/conf_0;routing_defref_set.cisco-xe.gawk;ldp_filter : ref not def :resequence prefix-list ipv4 ldp_filter 30 10;0;high;error
confs/repo/confs.cisco-xe/conf_0;routing_defref_set.cisco-xe.gawk;tag-filter-in : ref not def : distribute-list route-map tag-filter-in in;0;high;error
confs/repo/confs.cisco-xe/conf_0;snmp_v1v2forbidcommunity_notset.cisco-xe.gawk;snmp-server community private RW;72;high;error
confs/repo/confs.cisco-xe/conf_0;snmp_v1v2_notset.cisco-xe.gawk;snmp-server community cawk RO;71;high;error
confs/repo/confs.cisco-xe/conf_0;snmp_v1v2rw_notset.cisco-xe.gawk;snmp-server community private RW;72;high;error
confs/repo/confs.cisco-xe/conf_0;snmp_v3groupdefref_set.cisco-xe.gawk;MON_GROUPE : ref not def :snmp-server user MON_UTILISATEUR MON_GROUPE v3 auth sha MON_MOTDEPASSE_PRIV priv aes 128 MON_MOTDEPASSE_CRYPTE;0;high;error
confs/repo/confs.cisco-xe/conf_0;snmp_viewdefref_set.cisco-xe.gawk;unknown : ref not def :snmp-server community cawk view unknown RO;0;high;error
confs/repo/confs.cisco-xe/conf_0;ssh_setup_set.cisco-xe.gawk;<ssh server> is not set;0;high;error
confs/repo/confs.cisco-xe/conf_1;aaa_config_set.cisco-xe.gawk;<aaa accounting> is not set;0;high;error
confs/repo/confs.cisco-xe/conf_1;aaa_config_set.cisco-xe.gawk;<aaa authentication> is not set;0;high;error
confs/repo/confs.cisco-xe/conf_1;aaa_config_set.cisco-xe.gawk;<aaa authorization> is not set;0;high;error
confs/repo/confs.cisco-xe/conf_1;aaa_config_set.cisco-xe.gawk;<aaa config> is not set;0;high;error
confs/repo/confs.cisco-xe/conf_1;global_banner_set.cisco-xe.gawk;<banner login/exec/motd> is not set;0;high;error
confs/repo/confs.cisco-xe/conf_1;global_logging_set.cisco-xe.gawk;<logging host> is not configured;0;medium;error
confs/repo/confs.cisco-xe/conf_1;int_directedbroadcast_notset.cisco-xe.gawk;interface FastEthernet0 <ip directed-broadcast> is set;13;high;error
confs/repo/confs.cisco-xe/conf_1;int_proxyarp_notset.cisco-xe.gawk;interface FastEthernet0 <ip proxy-arp> is set;13;high;error
confs/repo/confs.cisco-xe/conf_1;lineaux_noexec_set.cisco-xe.gawk;line aux 0 <no exec> is missing;73;high;error
confs/repo/confs.cisco-xe/conf_1;linevty_sshinput_set.cisco-xe.gawk;line vty 0 3 : transport input (none|ssh) is missing;78;high;error
confs/repo/confs.cisco-xe/conf_1;linevty_sshinput_set.cisco-xe.gawk;line vty 4 8 : transport input (none|ssh) is missing;83;high;error
confs/repo/confs.cisco-xe/conf_1;linevty_sshoutput_set.cisco-xe.gawk;line vty 0 3 : transport output (none|ssh) is missing;78;high;error
confs/repo/confs.cisco-xe/conf_1;linevty_sshoutput_set.cisco-xe.gawk;line vty 4 8 : transport output (none|ssh) is missing;83;high;error
confs/repo/confs.cisco-xe/conf_1;ntp_accessgroup_set.cisco-xe.gawk;<ntp access-group> is not set;0;high;error
confs/repo/confs.cisco-xe/conf_1;ntp_ip_set.cisco-xe.gawk;<ntp server> is not set;0;high;error
confs/repo/confs.cisco-xe/conf_1;snmp_v3group_set.cisco-xe.gawk;no snmp v3 group with priv level is set;0;high;error
confs/repo/confs.cisco-xe/conf_1;snmp_v3host_set.cisco-xe.gawk;snmp v3 host is not set;0;high;error
confs/repo/confs.cisco-xe/conf_1;snmp_v3user_set.cisco-xe.gawk;snmp v3 user is not set;0;high;error
confs/repo/confs.packetfilter-fwcli/conf0;global_duplicaterule_notset.packetfilter-fwcli.gawk;duplicate rule detected <<block in quick from urpf-failed>>;36;medium;error
confs/repo/confs.packetfilter-fwcli/conf0;global_forbidbeforerule_notset.packetfilter-fwcli.gawk;block/pass rules written before <<scrub out on $ext_if all random-id>>;21;medium;error
confs/repo/confs.packetfilter-fwcli/conf0;global_vardefref_set.packetfilter-fwcli.gawk;var ref not def <<internal_net>>;22;high;error
confs/repo/confs.packetfilter-fwcli/conf1;global_basicrulecheck_set.packetfilter-fwcli.gawk;block option error <<block                                     # Règle incomplète>>;22;high;error
confs/repo/confs.packetfilter-fwcli/conf1;global_basicrulecheck_set.packetfilter-fwcli.gawk;pass option error <<pass log(everything) on $ext_if           # Option de log invalide>>;34;high;error
confs/repo/confs.packetfilter-fwcli/conf1;global_lastruledrop_set.packetfilter-fwcli.gawk;last rule is not drop <<pass in quick on $ext_if from 10.0.0.0/8 # CIDR incomplet>>;38;medium;error
confs/repo/confs.packetfilter-fwcli/conf1;global_loopbackantispoof_set.packetfilter-fwcli.gawk;<loopback 127/8 rules> accept missing (pass ... on lo ...);38;medium;error
confs/repo/confs.packetfilter-fwcli/conf1;global_loopbackantispoof_set.packetfilter-fwcli.gawk;<loopback 127/8 rules> drop missing (block drop in quick on <if> from 127.0.0.0/8 ... , interface not lo);38;high;error
confs/repo/confs.packetfilter-fwcli/conf1;global_tabledefref_set.packetfilter-fwcli.gawk;table ref not def <test_table>;28;high;error
confs/repo/confs.packetfilter-fwcli/conf1;global_vardefref_set.packetfilter-fwcli.gawk;var ref not def <<int_if>>;35 36;high;error
confs/repo/confs.checkpoint-fwcli/conf0;global_passwordpolicy_set.checkpoint-fwcli.gawk;password policy length is too short <<set password-policy min-length 12>>;14;medium;error
confs/repo/confs.checkpoint-fwcli/conf0;global_snmpv1v2forbidcommunity_notset.checkpoint-fwcli.gawk;snmpv1v2 forbidden community <<set snmp community $snmp_community authorization read-write/set snmp_community="public">>;20;high;error
confs/repo/confs.checkpoint-fwcli/conf0;global_snmpv1v2rw_notset.checkpoint-fwcli.gawk;snmpv1v2 write community <<set snmp community $snmp_community authorization read-write>>;20;high;error
confs/repo/confs.checkpoint-fwcli/conf1;global_duplicaterule_notset.checkpoint-fwcli.gawk;duplicate rule detected <<add access-rule name "CAWK_Deny_All_Other" \    layer "Network" position 99 source "Any" \    destination "Any" action "Drop" track "Log">>;42;medium;error
confs/repo/confs.checkpoint-fwcli/conf1;global_lastruledrop_set.checkpoint-fwcli.gawk;last rule is not drop <<add access-rule name "Deny_All_Other" \    layer "Network" position 99 source "Any" destination "Any" \    action "Accept" track "Log">>;46;medium;error
confs/repo/confs.checkpoint-fwcli/conf1;global_loopbackantispoof_set.checkpoint-fwcli.gawk;<loopback 127/8 rules> accept missing (access-rule action accept source 127.0.0.0/8 destination 127.0.0.0/8);46;medium;error
confs/repo/confs.checkpoint-fwcli/conf1;global_loopbackantispoof_set.checkpoint-fwcli.gawk;<loopback 127/8 rules> drop/reject missing (access-rule action drop/reject source 127.0.0.0/8 destination !127.0.0.0/8);46;high;error
confs/repo/confs.checkpoint-fwcli/conf1;global_ntp_set.checkpoint-fwcli.gawk;ntp configured but not activated <<$ntp_server_ip>>;46;medium;error
confs/repo/confs.checkpoint-fwcli/conf1;global_passwordpolicy_set.checkpoint-fwcli.gawk;password policy complexity not strong enough <<set password-policy complexity medium>>;16;medium;error
confs/repo/confs.checkpoint-fwcli/conf1;global_passwordpolicy_set.checkpoint-fwcli.gawk;password policy complexity unknown <<set password-policy complexity medium>>;16;medium;error
confs/repo/confs.checkpoint-fwcli/conf1;global_passwordpolicy_set.checkpoint-fwcli.gawk;password policy incorrect history checking <<set password-policy history 4>>;17;medium;error
confs/repo/confs.checkpoint-fwcli/conf1;global_passwordpolicy_set.checkpoint-fwcli.gawk;password policy length is too short <<set password-policy min-length 8>>;14;medium;error
confs/repo/confs.checkpoint-fwcli/conf1;global_snmpv1v2rw_notset.checkpoint-fwcli.gawk;snmpv1v2 write community <<set snmp community $snmp_community_cawk authorization read-write>>;20;high;error
confs/repo/confs.checkpoint-fwcli/conf1;global_statefulrules_set.checkpoint-fwcli.gawk;<config stateful rules> ESTABLISHED,RELATED state accept rule is not set (access-rule with action accept and connection-state established,related);46;medium;error
confs/repo/confs.checkpoint-fwcli/conf1;global_statefulrules_set.checkpoint-fwcli.gawk;<config stateful rules> INVALID state drop/reject rule is not set (access-rule with action drop/reject and connection-state invalid);46;high;error
confs/repo/confs.checkpoint-fwcli/conf1;global_vardefref_set.checkpoint-fwcli.gawk;var ref not def <<snmp_community_cawk>>;20;high;error
confs/repo/confs.checkpoint-fwcli/conf2;global_lastruledrop_set.checkpoint-fwcli.gawk;last rule is not drop <<add access-rule name "Allow_Internal_DNS" layer "Network" position 10 source "Internal_Network" destination "DNS_Servers" service "dns" action "Accept" track "Log">>;18;medium;error
confs/repo/confs.checkpoint-fwcli/conf2;global_loopbackantispoof_set.checkpoint-fwcli.gawk;<loopback 127/8 rules> accept missing (access-rule action accept source 127.0.0.0/8 destination 127.0.0.0/8);18;medium;error
confs/repo/confs.checkpoint-fwcli/conf2;global_loopbackantispoof_set.checkpoint-fwcli.gawk;<loopback 127/8 rules> drop/reject missing (access-rule action drop/reject source 127.0.0.0/8 destination !127.0.0.0/8);18;high;error
confs/repo/confs.checkpoint-fwcli/conf2;global_ntp_set.checkpoint-fwcli.gawk;ntp not configured;18;medium;error
confs/repo/confs.checkpoint-fwcli/conf2;global_passwordpolicy_set.checkpoint-fwcli.gawk;password policy not configured <<add access-rule name "Allow_Internal_DNS" layer "Network" position 10 source "Internal_Network" destination "DNS_Servers" service "dns" action "Accept" track "Log">>;18;medium;error
confs/repo/confs.checkpoint-fwcli/conf2;global_statefulrules_set.checkpoint-fwcli.gawk;<config stateful rules> ESTABLISHED,RELATED state accept rule is not set (access-rule with action accept and connection-state established,related);18;medium;error
confs/repo/confs.checkpoint-fwcli/conf2;global_statefulrules_set.checkpoint-fwcli.gawk;<config stateful rules> INVALID state drop/reject rule is not set (access-rule with action drop/reject and connection-state invalid);18;high;error
confs/repo/confs.iptables-fwcli/conf0;global_lastruledrop_set.iptables-fwcli.gawk;last rule is not drop <<iptables -A INPUT -j LOG --log-prefix "IPTables-Dropped: " --log-level 4>>;25;medium;error
confs/repo/confs.iptables-fwcli/conf1;global_chaindefref_set.iptables-fwcli.gawk;var def not ref <<CAWK_DEF>>;0;low;error
confs/repo/confs.iptables-fwcli/conf1;global_chaindefref_set.iptables-fwcli.gawk;var ref not def <<CAWK_REF>>;0;high;error
confs/repo/confs.iptables-fwcli/conf1;global_defaultpolicy_set.iptables-fwcli.gawk;default policy for forward not found;31;medium;error
confs/repo/confs.iptables-fwcli/conf1;global_defaultpolicy_set.iptables-fwcli.gawk;default policy for input not found;31;medium;error
confs/repo/confs.iptables-fwcli/conf1;global_defaultpolicy_set.iptables-fwcli.gawk;default policy for output not found;31;medium;error
confs/repo/confs.iptables-fwcli/conf1;global_duplicaterule_notset.iptables-fwcli.gawk;duplicate rule detected <<iptables -A INPUT -p tcp --dport 22 -m connlimit --connlimit-above 5 -j REJECT --reject-with tcp-reset>>;26;medium;error
confs/repo/confs.iptables-fwcli/conf1;global_duplicaterule_notset.iptables-fwcli.gawk;duplicate rule detected <<iptables -A INPUT -p tcp --dport 80 -j ACCEPT>>;10;medium;error
confs/repo/confs.iptables-fwcli/conf1;global_loopbackantispoof_set.iptables-fwcli.gawk;<loopback 127/8 rules> accept missing (INPUT -i lo -j ACCEPT);31;medium;error
confs/repo/confs.iptables-fwcli/conf1;global_loopbackantispoof_set.iptables-fwcli.gawk;<loopback 127/8 rules> drop missing (INPUT -s 127.0.0.0/8 ! -i lo -j DROP/REJECT);31;high;error
confs/repo/confs.iptables-fwcli/conf1;global_statefulrules_set.iptables-fwcli.gawk;<config stateful rules> ESTABLISHED,RELATED stateaccept rule is not set (INPUT/FORWARD);31;medium;error
confs/repo/confs.iptables-fwcli/conf1;global_statefulrules_set.iptables-fwcli.gawk;<config stateful rules> INVALID state drop/reject rule is not set (INPUT/FORWARD);31;high;error
confs/repo/confs.iptables-fwcli/conf1;global_vardefref_set.iptables-fwcli.gawk;var ref not def <<var>>;3;high;error
confs/repo/confs.6wind-linux/conf1;global_forbidservices_notset.6wind-linux.gawk;<vrf main> block is not compliant / forbidden service : ftp;2;high;error
confs/repo/confs.6wind-linux/conf1;global_netconfcompliant_set.6wind-linux.gawk;<vrf main><netconf-server> block not compliant / enabled true is not set;102;high;error
confs/repo/confs.6wind-linux/conf1;global_ntpcompliant_set.6wind-linux.gawk;<vrf main><ntp> block not compliant / enabled true is not set;102;high;error
confs/repo/confs.6wind-linux/conf1;global_snmpcustforbidcommunity_notset.6wind-linux.gawk;<vrf main><snmp> cust block not compliant / destination not compliant : destination 10.10.10.10 port 62 protocol udp notification-type TRAP2 community cawk;52;high;error
confs/repo/confs.6wind-linux/conf1;global_snmpforbidcommunity_notset.6wind-linux.gawk;<vrf main><snmp> block not compliant / forbidden authorization : authorization write-only;46;high;error
confs/repo/confs.6wind-linux/conf1;global_snmpforbidcommunity_notset.6wind-linux.gawk;<vrf main><snmp> block not compliant / forbidden snmp community community public;42;high;error
confs/repo/confs.6wind-linux/conf1;system_authcompliant_set.6wind-linux.gawk;<system><auth> block not compliant / bad user : user cawk;97;high;error
confs/repo/confs.6wind-linux/conf1;system_networkstackicmpcompliant_set.6wind-linux.gawk;<system><network-stack><icmp> block not compliant / ignore-icmp-echo-broadcast not set to false;68;high;error
confs/repo/confs.6wind-linux/conf1;system_networkstackicmpcompliant_set.6wind-linux.gawk;<system><network-stack><icmp> block not compliant / rate-limit-icmp not set;102;high;error
confs/repo/confs.6wind-linux/conf1;system_networkstackipcompliant_set.6wind-linux.gawk;<system><network-stackip><ipv4/ipv6> block not compliant / accept-redirects not set to false;74;high;error
confs/repo/confs.6wind-linux/conf1;system_networkstackipcompliant_set.6wind-linux.gawk;<system><network-stackip><ipv4/ipv6> block not compliant / accept-redirects not set to false;87;high;error
confs/repo/confs.6wind-linux/conf1;system_networkstackipcompliant_set.6wind-linux.gawk;<system><network-stackip><ipv4/ipv6> block not compliant / accept-source-route not set to false;75;high;error
confs/repo/confs.6wind-linux/conf1;system_networkstackipcompliant_set.6wind-linux.gawk;<system><network-stackip><ipv4/ipv6> block not compliant / accept-source-route not set to false;88;high;error
confs/repo/confs.ekinops-oneos/conf_0;access_services_set.ekinops-oneos.gawk;<ftp> is configured;0;high;error
confs/repo/confs.ekinops-oneos/conf_0;access_services_set.ekinops-oneos.gawk;<tftp> is configured;0;high;error
confs/repo/confs.ekinops-oneos/conf_0;global_noipicmpredirect_set.ekinops-oneos.gawk;<no ip icmp redirect> is not set;0;high;error
confs/repo/confs.ekinops-oneos/conf_0;ntp_authenticate_set.ekinops-oneos.gawk;<ntp authenticate> is not set;0;high;error
confs/repo/confs.ekinops-oneos/conf_0;ntp_authenticate_set.ekinops-oneos.gawk;<ntp authenticate> sntp server is not defined with key;0;high;error
confs/repo/confs.ekinops-oneos/conf_0;ntp_authenticate_set.ekinops-oneos.gawk;<ntp authenticate> sntp trusted-key is not set;0;high;error
confs/repo/confs.ekinops-oneos/conf_0;ntp_ip_set.ekinops-oneos.gawk;<ntp ip> is not set;0;high;error
confs/repo/confs.ekinops-oneos/conf_0;snmp_acldefined_set.ekinops-oneos.gawk;<snmp acl defined> acl access-list-simp is used but never declared;49;high;error
confs/repo/confs.ekinops-oneos/conf_0;snmp_v1v2_notset.ekinops-oneos.gawk;<snmp v1v2> is set : snmp set-read-community backdoor1 access-list-snmp v2group snmp_group_v2;42;high;error
confs/repo/confs.ekinops-oneos/conf_0;snmp_v1v2_notset.ekinops-oneos.gawk;<snmp v1v2> is set : snmp set-read-community backdoor access-list-simp;41;high;error
confs/repo/confs.ekinops-oneos/conf_1;aaa_server_set.ekinops-oneos.gawk;<tacacs server> encryption key used should be longer and use more varied characters, it is too weak;35;high;error
confs/repo/confs.ekinops-oneos/conf_1;aaa_server_set.ekinops-oneos.gawk;<tacacs server> need to use <encrypted> method to tacacs-server;36;high;error
confs/repo/confs.ekinops-oneos/conf_1;access_bindacldefined_set.ekinops-oneos.gawk;<bind acl defined> is defined without acl : bind ssh acl;3;high;error
confs/repo/confs.ekinops-oneos/conf_1;access_bindacldefined_set.ekinops-oneos.gawk;<bind acl defined> is not defined : access-list-ssh1;0;high;error
confs/repo/confs.ekinops-oneos/conf_1;access_services_set.ekinops-oneos.gawk;<ftp> is configured;0;high;error
confs/repo/confs.ekinops-oneos/conf_1;access_services_set.ekinops-oneos.gawk;<http server> is not disabled;0;high;error
confs/repo/confs.ekinops-oneos/conf_1;access_services_set.ekinops-oneos.gawk;<ssh> is disabled;0;high;error
confs/repo/confs.ekinops-oneos/conf_1;access_services_set.ekinops-oneos.gawk;<telnet> need to be disabled : ip telnet disable;0;high;error
confs/repo/confs.ekinops-oneos/conf_1;access_services_set.ekinops-oneos.gawk;<tftp> is configured;0;high;error
confs/repo/confs.ekinops-oneos/conf_1;global_noipicmpredirect_set.ekinops-oneos.gawk;<no ip icmp redirect> is not set;0;high;error
confs/repo/confs.ekinops-oneos/conf_1;login_logenable_set.ekinops-oneos.gawk;<login log enable> need to add log in : login on-success;50;high;error
confs/repo/confs.ekinops-oneos/conf_1;ntp_authenticate_set.ekinops-oneos.gawk;<ntp authenticate> is not set;0;high;error
confs/repo/confs.ekinops-oneos/conf_1;ntp_authenticate_set.ekinops-oneos.gawk;<ntp authenticate> sntp server is not defined with key;0;high;error
confs/repo/confs.ekinops-oneos/conf_1;ntp_authenticate_set.ekinops-oneos.gawk;<ntp authenticate> sntp trusted-key is not set;0;high;error
confs/repo/confs.ekinops-oneos/conf_1;ntp_ip_set.ekinops-oneos.gawk;<ntp ip> is not set;0;high;error
confs/repo/confs.ekinops-oneos/conf_1;snmp_acldefined_set.ekinops-oneos.gawk;<snmp acl defined> acl access-list-undefined is used but never declared;52;high;error
confs/repo/confs.ekinops-oneos/conf_1;snmp_acldefined_set.ekinops-oneos.gawk;<snmp acl defined> is defined without acl : snmp set-read-community backdoor;43;high;error
confs/repo/confs.ekinops-oneos/conf_1;snmp_v1v2_notset.ekinops-oneos.gawk;<snmp v1v2> is set : snmp set-read-community backdoor1 access-list-snmp v2group snmp_group_v2;44;high;error
confs/repo/confs.ekinops-oneos/conf_1;snmp_v1v2_notset.ekinops-oneos.gawk;<snmp v1v2> is set : snmp set-read-community backdoor1 access-list-undefined v2group snmp_group_v2;45;high;error
confs/repo/confs.ekinops-oneos/conf_1;snmp_v1v2_notset.ekinops-oneos.gawk;<snmp v1v2> is set : snmp set-read-community backdoor;43;high;error
